,title,genres,combined_features,index
0,Sholay,Action|Adventure|Comedy,   Sholay Action   Adventure   Comedy  ,0
1,Om Dar-B-Dar,Drama,   Om   Dar   B   Dar Drama  ,1
2,Action Jackson,Action|Thriller,   Action   Jackson Action   Thriller  ,2
3,Milenge Milenge,Drama|Romance,   Milenge   Milenge Drama   Romance  ,3
4,Bhopal: A Prayer for Rain,Drama,   Bhopal   A   Prayer  for   Rain Drama  ,4
5,A Flat,Drama|Horror|Romance,   A   Flat Drama   Horror   Romance  ,5
6,Gone Kesh,Drama,   Gone   Kesh Drama  ,6
7,Ramprasad Ki Tehrvi,Comedy|Drama,   Ramprasad   Ki   Tehrvi Comedy   Drama  ,7
8,Article 15,Crime|Drama,   Article  15 Crime   Drama  ,8
9,Yeh Saali Aashiqui,Thriller,   Yeh   Saali   Aashiqui Thriller  ,9
10,Dee Saturday Night,Drama,   Dee   Saturday   Night Drama  ,10
11,P Se Pyaar F Se Faraar,Crime|Drama|Romance,   P   Se   Pyaar   F   Se   Faraar Crime   Drama   Romance  ,11
12,#Yaaram,Comedy|Romance,   Yaaram Comedy   Romance  ,12
13,Ujda Chaman,Comedy,   Ujda   Chaman Comedy  ,13
14,Pankh,Drama,   Pankh Drama  ,14
15,Mr Bhatti on Chutti,Comedy,   Mr   Bhatti  on   Chutti Comedy  ,15
16,Delhi Safari,Animation|Comedy|Drama,   Delhi   Safari Animation   Comedy   Drama  ,16
17,Dulha Mil Gaya,Comedy|Drama|Romance,   Dulha   Mil   Gaya Comedy   Drama   Romance  ,17
18,Teen Patti,Crime|Drama|Thriller,   Teen   Patti Crime   Drama   Thriller  ,18
19,Sadiyaan: Boundaries Divide... Love Unites,Drama|Romance,   Sadiyaan   Boundaries   Divide   Love   Unites Drama   Romance  ,19
20,Veer,Action|Adventure|Drama,   Veer Action   Adventure   Drama  ,20
21,Jai Ho,Action|Drama,   Jai   Ho Action   Drama  ,21
22,My Name Is Khan,Drama,   My   Name   Is   Khan Drama  ,22
23,Toonpur Ka Superrhero,Action|Adventure|Animation,   Toonpur   Ka   Superrhero Action   Adventure   Animation  ,23
24,Hello Darling,Comedy|Drama,   Hello   Darling Comedy   Drama  ,24
25,Right Yaaa Wrong,Crime|Drama|Thriller,   Right   Yaaa   Wrong Crime   Drama   Thriller  ,25
26,Jaane Kahan Se Aayi Hai,Comedy|Drama|Fantasy,   Jaane   Kahan   Se   Aayi   Hai Comedy   Drama   Fantasy  ,26
27,Paathshaala,Drama|Family,   Paathshaala Drama   Family  ,27
28,Kites,Action|Drama|Romance,   Kites Action   Drama   Romance  ,28
29,Tera Kya Hoga Johnny,Crime|Drama|Thriller,   Tera   Kya   Hoga   Johnny Crime   Drama   Thriller  ,29
30,Aashayein,Drama,   Aashayein Drama  ,30
31,Colours of Passion,Biography|Drama|Romance,   Colours  of   Passion Biography   Drama   Romance  ,31
32,Hisss,Comedy|Drama|Horror,   Hisss Comedy   Drama   Horror  ,32
33,Red Alert: The War Within,Action|Drama|Thriller,   Red   Alert   The   War   Within Action   Drama   Thriller  ,33
34,Ramaa: The Saviour,Action|Adventure|Drama,   Ramaa   The   Saviour Action   Adventure   Drama  ,34
35,Don 2,Action|Crime|Thriller,   Don  2 Action   Crime   Thriller  ,35
36,Lahore,Action|Drama|Sport,   Lahore Action   Drama   Sport  ,36
37,Fatso!,Comedy|Fantasy|Romance,   Fatso   Comedy   Fantasy   Romance  ,37
38,People of Allah,Action|Crime|Drama,   People  of   Allah Action   Crime   Drama  ,38
39,Lamhaa: The Untold Story of Kashmir,Action|Drama|Thriller,   Lamhaa   The   Untold   Story  of   Kashmir Action   Drama   Thriller  ,39
40,It's a Wonderful Afterlife,Comedy|Drama|Fantasy,   It  s  a   Wonderful   Afterlife Comedy   Drama   Fantasy  ,40
41,Jhootha Hi Sahi,Comedy|Drama|Romance,   Jhootha   Hi   Sahi Comedy   Drama   Romance  ,41
42,Raavan,Action|Adventure|Drama,   Raavan Action   Adventure   Drama  ,42
43,Ishqiya,Comedy|Drama|Romance,   Ishqiya Comedy   Drama   Romance  ,43
44,Pyaar Impossible!,Comedy|Romance,   Pyaar   Impossible   Comedy   Romance  ,44
45,Naughty @ 40,Comedy|Drama,   Naughty  40 Comedy   Drama  ,45
46,Chatur Singh Two Star,Action|Adventure|Comedy,   Chatur   Singh   Two   Star Action   Adventure   Comedy  ,46
47,Chargesheet,Drama|Thriller,   Chargesheet Drama   Thriller  ,47
48,Karthik Calling Karthik,Drama|Mystery|Thriller,   Karthik   Calling   Karthik Drama   Mystery   Thriller  ,48
49,Race 2,Action|Crime|Thriller,   Race  2 Action   Crime   Thriller  ,49
50,Mirch,Comedy|Drama|Fantasy,   Mirch Comedy   Drama   Fantasy  ,50
51,Chance Pe Dance,Comedy|Drama|Music,   Chance   Pe   Dance Comedy   Drama   Music  ,51
52,Agent Vinod,Action|Adventure|Thriller,   Agent   Vinod Action   Adventure   Thriller  ,52
53,Once Upon a Time in Mumbai,Action|Crime|Drama,   Once   Upon  a   Time  in   Mumbai Action   Crime   Drama  ,53
54,Action Replay,Comedy|Romance|Sci-Fi,   Action   Replay Comedy   Romance   Sci   Fi  ,54
55,Well Done Abba!,Comedy,   Well   Done   Abba   Comedy  ,55
56,Apartment: Rent at Your Own Risk,Drama|Mystery|Thriller,   Apartment   Rent  at   Your   Own   Risk Drama   Mystery   Thriller  ,56
57,No Problem,Action|Comedy|Crime,   No   Problem Action   Comedy   Crime  ,57
58,Dhobi Ghat,Drama,   Dhobi   Ghat Drama  ,58
59,Thanks Maa,Crime|Drama,   Thanks   Maa Crime   Drama  ,59
60,Guzaarish,Drama,   Guzaarish Drama  ,60
61,Tum Milo Toh Sahi,Comedy|Drama,   Tum   Milo   Toh   Sahi Comedy   Drama  ,61
62,Peepli (Live),Comedy|Drama,   Peepli   Live   Comedy   Drama  ,62
63,Rann,Drama|Mystery|Thriller,   Rann Drama   Mystery   Thriller  ,63
64,Khatta Meetha,Comedy|Crime|Drama,   Khatta   Meetha Comedy   Crime   Drama  ,64
65,Prince,Action|Sci-Fi|Thriller,   Prince Action   Sci   Fi   Thriller  ,65
66,Happy Husbands,Comedy|Drama,   Happy   Husbands Comedy   Drama  ,66
67,Hum Tum Aur Ghost,Comedy|Drama|Fantasy,   Hum   Tum   Aur   Ghost Comedy   Drama   Fantasy  ,67
68,Road to Sangam,Drama|Thriller,   Road  to   Sangam Drama   Thriller  ,68
69,Anjaana Anjaani,Comedy|Drama|Musical,   Anjaana   Anjaani Comedy   Drama   Musical  ,69
70,Damadamm!,Comedy|Drama|Romance,   Damadamm   Comedy   Drama   Romance  ,70
71,My Friend Pinto,Comedy|Crime|Drama,   My   Friend   Pinto Comedy   Crime   Drama  ,71
72,Patiala House,Drama|Sport,   Patiala   House Drama   Sport  ,72
73,Knock Out,Action|Crime|Drama,   Knock   Out Action   Crime   Drama  ,73
74,Ra.One,Action|Adventure|Sci-Fi,   Ra   One Action   Adventure   Sci   Fi  ,74
75,Zindagi Na Milegi Dobara,Comedy|Drama,   Zindagi   Na   Milegi   Dobara Comedy   Drama  ,75
76,5 Ghantey Mien 5 Crore,Thriller,  5   Ghantey   Mien  5   Crore Thriller  ,76
77,Tees Maar Khan,Comedy|Crime,   Tees   Maar   Khan Comedy   Crime  ,77
78,Housefull,Comedy,   Housefull Comedy  ,78
79,Striker,Action|Crime|Drama,   Striker Action   Crime   Drama  ,79
80,Break Ke Baad,Comedy|Drama|Romance,   Break   Ke   Baad Comedy   Drama   Romance  ,80
81,Chase,Action|Crime|Drama,   Chase Action   Crime   Drama  ,81
82,Click,Drama|Horror|Mystery,   Click Drama   Horror   Mystery  ,82
83,Shaapit: The Cursed,Adventure|Horror|Romance,   Shaapit   The   Cursed Adventure   Horror   Romance  ,83
84,Toh Baat Pakki!,Comedy|Drama,   Toh   Baat   Pakki   Comedy   Drama  ,84
85,Zokkomon,Action|Adventure,   Zokkomon Action   Adventure  ,85
86,Aakhari Decision,Action|Drama|Thriller,   Aakhari   Decision Action   Drama   Thriller  ,86
87,Lafangey Parindey,Action|Drama|Romance,   Lafangey   Parindey Action   Drama   Romance  ,87
88,Mittal v/s Mittal,Drama,   Mittal  v  s   Mittal Drama  ,88
89,City of Gold - Mumbai 1982: Ek Ankahee Kahani,Crime|Drama,   City  of   Gold   Mumbai  1982   Ek   Ankahee   Kahani Crime   Drama  ,89
90,LSD: Love Sex Aur Dhokha,Comedy|Crime|Drama,   L S D   Love   Sex   Aur   Dhokha Comedy   Crime   Drama  ,90
91,Malik Ek,Biography|Drama|History,   Malik   Ek Biography   Drama   History  ,91
92,Prem Kaa Game,Comedy|Drama,   Prem   Kaa   Game Comedy   Drama  ,92
93,Band Baaja Baaraat,Comedy|Drama|Romance,   Band   Baaja   Baaraat Comedy   Drama   Romance  ,93
94,Rokkk,Drama|Horror|Mystery,   Rokkk Drama   Horror   Mystery  ,94
95,Phoonk 2,Drama|Horror|Mystery,   Phoonk  2 Drama   Horror   Mystery  ,95
96,Dum Maaro Dum,Action|Crime|Drama,   Dum   Maaro   Dum Action   Crime   Drama  ,96
97,The Japanese Wife,Drama|Romance,   The   Japanese   Wife Drama   Romance  ,97
98,Fearless,Action|Comedy,   Fearless Action   Comedy  ,98
99,Na Ghar Ke Na Ghaat Ke,Comedy|Drama,   Na   Ghar   Ke   Na   Ghaat   Ke Comedy   Drama  ,99
100,Paan Singh Tomar,Action|Biography|Crime,   Paan   Singh   Tomar Action   Biography   Crime  ,100
101,Sukhmani,Drama,   Sukhmani Drama  ,101
102,Mausam,Drama|Romance|War,   Mausam Drama   Romance   War  ,102
103,Bumm Bumm Bole,Drama|Family|Thriller,   Bumm   Bumm   Bole Drama   Family   Thriller  ,103
104,Ek Second... Jo Zindagi Badal De...,Drama|Romance|Thriller,   Ek   Second   Jo   Zindagi   Badal   De   Drama   Romance   Thriller  ,104
105,I Am,Drama,   I   Am Drama  ,105
106,Seven Sins Forgiven,Drama|Mystery|Thriller,   Seven   Sins   Forgiven Drama   Mystery   Thriller  ,106
107,Tere Bin Laden,Comedy|Drama,   Tere   Bin   Laden Comedy   Drama  ,107
108,Trump Card,Action|Drama|Mystery,   Trump   Card Action   Drama   Mystery  ,108
109,Miss Lovely,Crime|Drama|Romance,   Miss   Lovely Crime   Drama   Romance  ,109
110,Sahi Dhandhe Galat Bande,Action|Comedy|Drama,   Sahi   Dhandhe   Galat   Bande Action   Comedy   Drama  ,110
111,Soch Lo,Action|Crime|Drama,   Soch   Lo Action   Crime   Drama  ,111
112,Udaan,Drama,   Udaan Drama  ,112
113,Mr. Singh/Mrs. Mehta,Drama,   Mr   Singh   Mrs   Mehta Drama  ,113
114,The Film Emotional Atyachar,Comedy|Crime|Drama,   The   Film   Emotional   Atyachar Comedy   Crime   Drama  ,114
115,Help,Horror|Thriller,   Help Horror   Thriller  ,115
116,Turning 30!!!,Comedy|Drama|Romance,   Turning  30   Comedy   Drama   Romance  ,116
117,F.A.L.T.U,Comedy|Drama,   F   A   L   T   U Comedy   Drama  ,117
118,I Hate Luv Storys,Comedy|Drama|Romance,   I   Hate   Luv   Storys Comedy   Drama   Romance  ,118
119,Kushti,Comedy,   Kushti Comedy  ,119
120,Will You Marry Me,Drama,   Will   You   Marry   Me Drama  ,120
121,Tanu Weds Manu,Comedy|Drama|Romance,   Tanu   Weds   Manu Comedy   Drama   Romance  ,121
122,Love U... Mr. Kalakaar!,Drama|Romance,   Love   U   Mr   Kalakaar   Drama   Romance  ,122
123,Tere Mere Phere,Comedy|Drama|Romance,   Tere   Mere   Phere Comedy   Drama   Romance  ,123
124,Ek Main Aur Ekk Tu,Comedy|Drama|Romance,   Ek   Main   Aur   Ekk   Tu Comedy   Drama   Romance  ,124
125,A Decent Arrangement,Comedy|Drama,   A   Decent   Arrangement Comedy   Drama  ,125
126,Tezz,Action|Crime|Drama,   Tezz Action   Crime   Drama  ,126
127,Aakrosh,Action|Crime|Thriller,   Aakrosh Action   Crime   Thriller  ,127
128,Do Dooni Chaar,Comedy|Drama,   Do   Dooni   Chaar Comedy   Drama  ,128
129,Thank You,Comedy,   Thank   You Comedy  ,129
130,Antardwand,Drama,   Antardwand Drama  ,130
131,Dil Toh Baccha Hai Ji,Comedy|Drama|Romance,   Dil   Toh   Baccha   Hai   Ji Comedy   Drama   Romance  ,131
132,Double Dhamaal,Comedy|Crime|Drama,   Double   Dhamaal Comedy   Crime   Drama  ,132
133,Bol Bachchan,Action|Comedy,   Bol   Bachchan Action   Comedy  ,133
134,Bodyguard,Action|Comedy|Romance,   Bodyguard Action   Comedy   Romance  ,134
135,No One Killed Jessica,Biography|Crime|Drama,   No   One   Killed   Jessica Biography   Crime   Drama  ,135
136,Breakaway,Comedy|Drama|Sport,   Breakaway Comedy   Drama   Sport  ,136
137,Khichdi: The Movie,Comedy|Family,   Khichdi   The   Movie Comedy   Family  ,137
138,Mere Brother Ki Dulhan,Comedy|Family|Romance,   Mere   Brother   Ki   Dulhan Comedy   Family   Romance  ,138
139,Dunno Y Na Jaane Kyun...,Drama|Romance,   Dunno   Y   Na   Jaane   Kyun   Drama   Romance  ,139
140,Ramayana: The Epic,Adventure|Animation|Family,   Ramayana   The   Epic Adventure   Animation   Family  ,140
141,Life Express,Drama,   Life   Express Drama  ,141
142,Crook: It's Good to Be Bad,Action|Drama|Thriller,   Crook   It  s   Good  to   Be   Bad Action   Drama   Thriller  ,142
143,Game,Action|Crime|Drama,   Game Action   Crime   Drama  ,143
144,Phas Gaye Re Obama,Comedy|Crime|Drama,   Phas   Gaye   Re   Obama Comedy   Crime   Drama  ,144
145,Yamla Pagla Deewana,Action|Comedy|Drama,   Yamla   Pagla   Deewana Action   Comedy   Drama  ,145
146,Ship of Theseus,Drama,   Ship  of   Theseus Drama  ,146
147,Isi Life Mein...!,Comedy|Drama|Romance,   Isi   Life   Mein   Comedy   Drama   Romance  ,147
148,Players,Action|Crime|Thriller,   Players Action   Crime   Thriller  ,148
149,Chittagong,Action|Drama|War,   Chittagong Action   Drama   War  ,149
150,Talaash,Crime|Drama|Mystery,   Talaash Crime   Drama   Mystery  ,150
151,Khap,Drama|Thriller,   Khap Drama   Thriller  ,151
152,I Am Kalam,Comedy|Drama|Family,   I   Am   Kalam Comedy   Drama   Family  ,152
153,Golmaal Again,Action|Comedy|Fantasy,   Golmaal   Again Action   Comedy   Fantasy  ,153
154,Kaalo,Action|Drama|Horror,   Kaalo Action   Drama   Horror  ,154
155,Utt Pataang,Comedy|Drama,   Utt   Pataang Comedy   Drama  ,155
156,Aashiqui.in,Drama|Romance,   Aashiqui  in Drama   Romance  ,156
157,Kahaani,Mystery|Thriller,   Kahaani Mystery   Thriller  ,157
158,United Six,Action|Drama|Thriller,   United   Six Action   Drama   Thriller  ,158
159,Angel,Action|Drama,   Angel Action   Drama  ,159
160,Hostel,Action|Crime|Drama,   Hostel Action   Crime   Drama  ,160
161,Yeh Dooriyan,Drama|Romance,   Yeh   Dooriyan Drama   Romance  ,161
162,Mumbhai Connection,Comedy|Crime|Thriller,   Mumbhai   Connection Comedy   Crime   Thriller  ,162
163,Shagird,Action|Crime|Drama,   Shagird Action   Crime   Drama  ,163
164,Rascals,Action|Comedy|Crime,   Rascals Action   Comedy   Crime  ,164
165,Dhoom 3,Action|Thriller,   Dhoom  3 Action   Thriller  ,165
166,Shaitan,Action|Crime|Drama,   Shaitan Action   Crime   Drama  ,166
167,Rockstar,Drama|Music|Musical,   Rockstar Drama   Music   Musical  ,167
168,Chillar Party,Comedy|Drama|Family,   Chillar   Party Comedy   Drama   Family  ,168
169,U R My Jaan,Romance,   U   R   My   Jaan Romance  ,169
170,Aarakshan,Drama,   Aarakshan Drama  ,170
171,Agneepath,Action|Drama,   Agneepath Action   Drama  ,171
172,Main Krishna Hoon,Animation|Family|Musical,   Main   Krishna   Hoon Animation   Family   Musical  ,172
173,Strings of Passion,Drama,   Strings  of   Passion Drama  ,173
174,Teen Thay Bhai,Comedy|Drama,   Teen   Thay   Bhai Comedy   Drama  ,174
175,Bbuddah... Hoga Terra Baap,Action|Crime|Thriller,   Bbuddah   Hoga   Terra   Baap Action   Crime   Thriller  ,175
176,Love Breakups Zindagi,Comedy|Drama|Romance,   Love   Breakups   Zindagi Comedy   Drama   Romance  ,176
177,404: Error Not Found,Drama|Mystery|Thriller,  404   Error   Not   Found Drama   Mystery   Thriller  ,177
178,Chalo Dilli,Comedy|Drama,   Chalo   Dilli Comedy   Drama  ,178
179,Satrangee Parachute,Comedy|Drama|Family,   Satrangee   Parachute Comedy   Drama   Family  ,179
180,Haunted - 3D,Horror|Mystery|Thriller,   Haunted  3 D Horror   Mystery   Thriller  ,180
181,Monica,Biography|Drama|Thriller,   Monica Biography   Drama   Thriller  ,181
182,Buddha in a Traffic Jam,Crime|Thriller,   Buddha  in  a   Traffic   Jam Crime   Thriller  ,182
183,Ragini MMS,Drama|Horror|Mystery,   Ragini   M M S Drama   Horror   Mystery  ,183
184,Once Upon a Time in Mumbai Dobaara!,Action|Crime|Drama,   Once   Upon  a   Time  in   Mumbai   Dobaara   Action   Crime   Drama  ,184
185,Memories in March,Drama,   Memories  in   March Drama  ,185
186,Mumbai Mast Kallander,Action|Comedy|Crime,   Mumbai   Mast   Kallander Action   Comedy   Crime  ,186
187,Stanley Ka Dabba,Comedy|Drama|Family,   Stanley   Ka   Dabba Comedy   Drama   Family  ,187
188,Shor in the City,Crime|Drama,   Shor  in  the   City Crime   Drama  ,188
189,Joker,Comedy|Family|Sci-Fi,   Joker Comedy   Family   Sci   Fi  ,189
190,Murder 2,Action|Drama|Horror,   Murder  2 Action   Drama   Horror  ,190
191,Khuda Kasam,Action|Crime|Drama,   Khuda   Kasam Action   Crime   Drama  ,191
192,Pyaar Ka Punchnama,Comedy|Drama|Romance,   Pyaar   Ka   Punchnama Comedy   Drama   Romance  ,192
193,Delhi Belly,Action|Comedy|Crime,   Delhi   Belly Action   Comedy   Crime  ,193
194,Always Kabhi Kabhi,Comedy|Crime|Drama,   Always   Kabhi   Kabhi Comedy   Crime   Drama  ,194
195,Bheja Fry 2,Comedy|Drama,   Bheja   Fry  2 Comedy   Drama  ,195
196,Sadda Adda,Comedy|Drama|Romance,   Sadda   Adda Comedy   Drama   Romance  ,196
197,Kucch Luv Jaisaa,Drama,   Kucch   Luv   Jaisaa Drama  ,197
198,Bin Bulaye Baraati,Action|Comedy|Crime,   Bin   Bulaye   Baraati Action   Comedy   Crime  ,198
199,Impatient Vivek,Comedy|Drama|Romance,   Impatient   Vivek Comedy   Drama   Romance  ,199
200,Singham,Action|Drama,   Singham Action   Drama  ,200
201,Heroine,Drama,   Heroine Drama  ,201
202,The Dirty Picture,Music|Drama,   The   Dirty   Picture Music   Drama  ,202
203,Gangs of Wasseypur,Action|Comedy|Crime,   Gangs  of   Wasseypur Action   Comedy   Crime  ,203
204,Gangs of Wasseypur,Action|Comedy|Crime,   Gangs  of   Wasseypur Action   Comedy   Crime  ,204
205,Ladies vs. Ricky Bahl,Comedy|Drama|Romance,   Ladies  vs   Ricky   Bahl Comedy   Drama   Romance  ,205
206,Ata Pata Lapatta,Comedy|Musical,   Ata   Pata   Lapatta Comedy   Musical  ,206
207,Tell Me O Kkhuda,Action|Crime|Drama,   Tell   Me   O   Kkhuda Action   Crime   Drama  ,207
208,5 Weddings,Comedy|Drama|Romance,  5   Weddings Comedy   Drama   Romance  ,208
209,Dangerous Ishq,Fantasy|Mystery|Romance,   Dangerous   Ishq Fantasy   Mystery   Romance  ,209
210,Gandhi to Hitler,Drama|History|War,   Gandhi  to   Hitler Drama   History   War  ,210
211,Housefull 2,Action|Comedy|Musical,   Housefull  2 Action   Comedy   Musical  ,211
212,Desi Boyz,Comedy|Drama,   Desi   Boyz Comedy   Drama  ,212
213,Ishkq in Paris,Comedy|Romance,   Ishkq  in   Paris Comedy   Romance  ,213
214,Force,Action|Thriller,   Force Action   Thriller  ,214
215,Not a Love Story,Crime|Drama|Thriller,   Not  a   Love   Story Crime   Drama   Thriller  ,215
216,The Blueberry Hunt,Action|Thriller,   The   Blueberry   Hunt Action   Thriller  ,216
217,Bubble Gum,Drama,   Bubble   Gum Drama  ,217
218,Ek Tha Tiger,Action|Romance|Thriller,   Ek   Tha   Tiger Action   Romance   Thriller  ,218
219,Phhir,Drama|Mystery|Romance,   Phhir Drama   Mystery   Romance  ,219
220,Kyaa Super Kool Hain Hum,Comedy,   Kyaa   Super   Kool   Hain   Hum Comedy  ,220
221,Shabri,Action|Crime|Drama,   Shabri Action   Crime   Drama  ,221
222,Aazaan,Action|Drama|Mystery,   Aazaan Action   Drama   Mystery  ,222
223,Hum Tum Shabana,Comedy|Crime|Drama,   Hum   Tum   Shabana Comedy   Crime   Drama  ,223
224,Mujhse Fraaandship Karoge,Comedy|Romance,   Mujhse   Fraaandship   Karoge Comedy   Romance  ,224
225,Kya Dilli Kya Lahore,Drama|History|War,   Kya   Dilli   Kya   Lahore Drama   History   War  ,225
226,Shortcut Romeo,Action|Crime|Romance,   Shortcut   Romeo Action   Crime   Romance  ,226
227,Mummy Punjabi: Superman Ki Bhi Maa!!,Comedy|Drama,   Mummy   Punjabi   Superman   Ki   Bhi   Maa   Comedy   Drama  ,227
228,Shanghai,Crime|Mystery|Thriller,   Shanghai Crime   Mystery   Thriller  ,228
229,Saheb Biwi Aur Gangster,Action|Crime|Drama,   Saheb   Biwi   Aur   Gangster Action   Crime   Drama  ,229
230,Barfi!,Comedy|Drama|Romance,   Barfi   Comedy   Drama   Romance  ,230
231,Inkaar,Drama|Romance|Thriller,   Inkaar Drama   Romance   Thriller  ,231
232,Hum Hai Raahi CAR Ke,Comedy|Romance,   Hum   Hai   Raahi   C A R   Ke Comedy   Romance  ,232
233,Miley - Naa Miley - Hum,Comedy|Drama|Romance,   Miley   Naa   Miley   Hum Comedy   Drama   Romance  ,233
234,Matru ki Bijlee ka Mandola,Comedy|Drama,   Matru  ki   Bijlee  ka   Mandola Comedy   Drama  ,234
235,Chennai Express,Action|Comedy,   Chennai   Express Action   Comedy  ,235
236,Dabangg 2,Action|Comedy,   Dabangg  2 Action   Comedy  ,236
237,Jo Hum Chahein,Drama|Romance,   Jo   Hum   Chahein Drama   Romance  ,237
238,Ferrari Ki Sawaari,Comedy|Drama|Family,   Ferrari   Ki   Sawaari Comedy   Drama   Family  ,238
239,Ekk Deewana Tha,Drama|Romance,   Ekk   Deewana   Tha Drama   Romance  ,239
240,Tere Naal Love Ho Gaya,Comedy|Drama|Romance,   Tere   Naal   Love   Ho   Gaya Comedy   Drama   Romance  ,240
241,Rock On 2,Drama|Music,   Rock   On  2 Drama   Music  ,241
242,Tanu Weds Manu Returns,Comedy|Drama|Romance,   Tanu   Weds   Manu   Returns Comedy   Drama   Romance  ,242
243,Tanu Weds Manu Returns,Comedy|Drama|Romance,   Tanu   Weds   Manu   Returns Comedy   Drama   Romance  ,243
244,Brother Superhit!,Action|Comedy|Drama,   Brother   Superhit   Action   Comedy   Drama  ,244
245,Gattu,Drama,   Gattu Drama  ,245
246,Married 2 America,Thriller,   Married  2   America Thriller  ,246
247,Zindagi Tere Naam,Romance,   Zindagi   Tere   Naam Romance  ,247
248,Cocktail,Comedy|Drama|Romance,   Cocktail Comedy   Drama   Romance  ,248
249,Zila Ghaziabad,Action|Crime|Thriller,   Zila   Ghaziabad Action   Crime   Thriller  ,249
250,Student of the Year,Comedy|Drama|Romance,   Student  of  the   Year Comedy   Drama   Romance  ,250
251,Ghost,Horror,   Ghost Horror  ,251
252,Jab Tak Hai Jaan,Drama|Romance,   Jab   Tak   Hai   Jaan Drama   Romance  ,252
253,Yeh Jawaani Hai Deewani,Comedy|Drama|Musical,   Yeh   Jawaani   Hai   Deewani Comedy   Drama   Musical  ,253
254,Son of Sardaar,Action|Comedy,   Son  of   Sardaar Action   Comedy  ,254
255,Shahid,Biography|Crime|Drama,   Shahid Biography   Crime   Drama  ,255
256,English Vinglish,Comedy|Drama|Family,   English   Vinglish Comedy   Drama   Family  ,256
257,Chaalis Chauraasi,Comedy|Crime,   Chaalis   Chauraasi Comedy   Crime  ,257
258,From Sydney with Love,Comedy|Romance,   From   Sydney  with   Love Comedy   Romance  ,258
259,Department,Action|Crime|Thriller,   Department Action   Crime   Thriller  ,259
260,Shirin Farhad Ki Toh Nikal Padi,Romance,   Shirin   Farhad   Ki   Toh   Nikal   Padi Romance  ,260
261,Login,Drama|Thriller,   Login Drama   Thriller  ,261
262,Luv U Soniyo,Comedy|Romance,   Luv   U   Soniyo Comedy   Romance  ,262
263,Staying Alive,Drama,   Staying   Alive Drama  ,263
264,Charlie Kay Chakkar Mein,Thriller,   Charlie   Kay   Chakkar   Mein Thriller  ,264
265,Station,Crime|Drama|Thriller,   Station Crime   Drama   Thriller  ,265
266,Chaar Din Ki Chandni,Comedy|Romance,   Chaar   Din   Ki   Chandni Comedy   Romance  ,266
267,Jodi Breakers,Comedy|Musical|Romance,   Jodi   Breakers Comedy   Musical   Romance  ,267
268,Gulabi Gang,Documentary,   Gulabi   Gang Documentary  ,268
269,Monsoon Shootout,Action|Crime|Drama,   Monsoon   Shootout Action   Crime   Drama  ,269
270,Vishwaroopam,Action|Thriller,   Vishwaroopam Action   Thriller  ,270
271,Ab Tak Chhappan 2,Action|Crime|Thriller,   Ab   Tak   Chhappan  2 Action   Crime   Thriller  ,271
272,Aashiqui 2,Drama|Music|Musical,   Aashiqui  2 Drama   Music   Musical  ,272
273,Machhli Jal Ki Rani Hai,Horror,   Machhli   Jal   Ki   Rani   Hai Horror  ,273
274,Valentine's Night,Romance|Thriller,   Valentine  s   Night Romance   Thriller  ,274
275,Kai po che!,Drama|Sport,   Kai  po  che   Drama   Sport  ,275
276,Issaq,Drama|Romance,   Issaq Drama   Romance  ,276
277,Goliyon Ki Rasleela Ram-Leela,Drama|Musical|Romance,   Goliyon   Ki   Rasleela   Ram   Leela Drama   Musical   Romance  ,277
278,Main Aur Mr. Riight,Comedy|Romance,   Main   Aur   Mr   Riight Comedy   Romance  ,278
279,1920: Evil Returns,Drama|Horror|Romance,  1920   Evil   Returns Drama   Horror   Romance  ,279
280,Baat Bann Gayi,Comedy|Romance,   Baat   Bann   Gayi Comedy   Romance  ,280
281,Listen... Amaya,Drama,   Listen   Amaya Drama  ,281
282,Lootera,Drama|Romance,   Lootera Drama   Romance  ,282
283,Table No. 21,Adventure|Thriller,   Table   No  21 Adventure   Thriller  ,283
284,Chashme Baddoor,Comedy|Drama,   Chashme   Baddoor Comedy   Drama  ,284
285,Mere Dost Picture Abhi Baaki Hai,Comedy,   Mere   Dost   Picture   Abhi   Baaki   Hai Comedy  ,285
286,Aalaap,Sci-Fi,   Aalaap Sci   Fi  ,286
287,Blood Money,Action|Drama|Thriller,   Blood   Money Action   Drama   Thriller  ,287
288,Ghanchakkar,Comedy|Crime|Thriller,   Ghanchakkar Comedy   Crime   Thriller  ,288
289,Challo Driver,Comedy,   Challo   Driver Comedy  ,289
290,Aiyyaa,Comedy|Romance,   Aiyyaa Comedy   Romance  ,290
291,Rush,Crime|Thriller,   Rush Crime   Thriller  ,291
292,Bumboo,Comedy,   Bumboo Comedy  ,292
293,Gori Tere Pyaar Mein!,Comedy|Drama|Romance,   Gori   Tere   Pyaar   Mein   Comedy   Drama   Romance  ,293
294,Satyagraha,Drama,   Satyagraha Drama  ,294
295,OMG: Oh My God!,Comedy|Drama|Fantasy,   O M G   Oh   My   God   Comedy   Drama   Fantasy  ,295
296,Riyasat,Crime,   Riyasat Crime  ,296
297,Chakravyuh,Action|Drama|Thriller,   Chakravyuh Action   Drama   Thriller  ,297
298,Jeena Hai Toh Thok Daal,Drama,   Jeena   Hai   Toh   Thok   Daal Drama  ,298
299,In the Shadows,Drama|Thriller,   In  the   Shadows Drama   Thriller  ,299
300,Love in Bombay,\N,   Love  in   Bombay   N  ,300
301,Ishaqzaade,Action|Drama|Romance,   Ishaqzaade Action   Drama   Romance  ,301
302,Singham Returns,Action|Drama,   Singham   Returns Action   Drama  ,302
303,Hate Story,Drama|Thriller,   Hate   Story Drama   Thriller  ,303
304,Sons of Ram,Animation|Drama|Musical,   Sons  of   Ram Animation   Drama   Musical  ,304
305,Tamanchey: Pyar Mein Dil Pe Maar De Goli,Crime|Romance,   Tamanchey   Pyar   Mein   Dil   Pe   Maar   De   Goli Crime   Romance  ,305
306,Vicky Donor,Comedy|Romance,   Vicky   Donor Comedy   Romance  ,306
307,Bandook,Crime|Thriller,   Bandook Crime   Thriller  ,307
308,Krishna Aur Kans,Action|Adventure|Animation,   Krishna   Aur   Kans Action   Adventure   Animation  ,308
309,Mere Dad Ki Maruti,Comedy|Drama|Romance,   Mere   Dad   Ki   Maruti Comedy   Drama   Romance  ,309
310,Life Ki Toh Lag Gayi,Comedy,   Life   Ki   Toh   Lag   Gayi Comedy  ,310
311,Qissa: The Tale of a Lonely Ghost,Drama|Fantasy,   Qissa   The   Tale  of  a   Lonely   Ghost Drama   Fantasy  ,311
312,Chor Chor Super Chor,Comedy|Drama|Thriller,   Chor   Chor   Super   Chor Comedy   Drama   Thriller  ,312
313,PK,Comedy|Drama|Fantasy,   P K Comedy   Drama   Fantasy  ,313
314,Maximum,Action|Crime|Drama,   Maximum Action   Crime   Drama  ,314
315,Nautanki Saala!,Comedy,   Nautanki   Saala   Comedy  ,315
316,Himmatwala,Action|Comedy,   Himmatwala Action   Comedy  ,316
317,Cigarette Ki Tarah,Romance|Thriller,   Cigarette   Ki   Tarah Romance   Thriller  ,317
318,Bittoo Boss,Romance,   Bittoo   Boss Romance  ,318
319,The Lunchbox,Drama|Romance,   The   Lunchbox Drama   Romance  ,319
320,Teri Meri Kahaani,Comedy|Drama|Romance,   Teri   Meri   Kahaani Comedy   Drama   Romance  ,320
321,Bhaag Milkha Bhaag,Biography|Drama|Sport,   Bhaag   Milkha   Bhaag Biography   Drama   Sport  ,321
322,Ajab Gazabb Love,Comedy|Romance,   Ajab   Gazabb   Love Comedy   Romance  ,322
323,Ramaiya Vastavaiya,Action|Drama|Romance,   Ramaiya   Vastavaiya Action   Drama   Romance  ,323
324,Raanjhanaa,Drama|Romance,   Raanjhanaa Drama   Romance  ,324
325,Haraamkhor,Drama|Romance,   Haraamkhor Drama   Romance  ,325
326,Saheb Biwi Aur Gangster Returns,Action|Crime|Drama,   Saheb   Biwi   Aur   Gangster   Returns Action   Crime   Drama  ,326
327,Chal Pichchur Banate Hain,Comedy|Drama,   Chal   Pichchur   Banate   Hain Comedy   Drama  ,327
328,Kick,Action|Comedy,   Kick Action   Comedy  ,328
329,2 States,Comedy|Drama|Romance,  2   States Comedy   Drama   Romance  ,329
330,Super Model,Drama|Mystery|Romance,   Super   Model Drama   Mystery   Romance  ,330
331,Special 26,Crime|Drama|Thriller,   Special  26 Crime   Drama   Thriller  ,331
332,?: A Question Mark,Horror|Mystery|Thriller,   A   Question   Mark Horror   Mystery   Thriller  ,332
333,D-Day,Action|Thriller,   D   Day Action   Thriller  ,333
334,Jalpari: The Desert Mermaid,Drama|Family|Mystery,   Jalpari   The   Desert   Mermaid Drama   Family   Mystery  ,334
335,Mai,Drama|Family,   Mai Drama   Family  ,335
336,Finger,Crime|Drama|Thriller,   Finger Crime   Drama   Thriller  ,336
337,Gully Boy,Drama|Music,   Gully   Boy Drama   Music  ,337
338,Prague,Mystery|Romance|Thriller,   Prague Mystery   Romance   Thriller  ,338
339,Kismet Love Paisa Dilli,Adventure|Comedy|Crime,   Kismet   Love   Paisa   Dilli Adventure   Comedy   Crime  ,339
340,Yeh Khula Aasmaan,Family,   Yeh   Khula   Aasmaan Family  ,340
341,Arjun: The Warrior Prince,Action|Adventure|Animation,   Arjun   The   Warrior   Prince Action   Adventure   Animation  ,341
342,Bloody Isshq,Drama|Romance,   Bloody   Isshq Drama   Romance  ,342
343,3G - A Killer Connection,Horror|Sci-Fi|Thriller,  3 G   A   Killer   Connection Horror   Sci   Fi   Thriller  ,343
344,Bhoot Returns,Horror|Mystery|Thriller,   Bhoot   Returns Horror   Mystery   Thriller  ,344
345,Ek Thi Daayan,Horror|Romance|Thriller,   Ek   Thi   Daayan Horror   Romance   Thriller  ,345
346,B.A. Pass,Crime|Drama,   B   A   Pass Crime   Drama  ,346
347,Filmistaan,Comedy,   Filmistaan Comedy  ,347
348,Akaash Vani,Drama|Romance,   Akaash   Vani Drama   Romance  ,348
349,Gabbar is Back,Action,   Gabbar  is   Back Action  ,349
350,Gabbar is Back,Action,   Gabbar  is   Back Action  ,350
351,Murder 3,Drama|Mystery|Thriller,   Murder  3 Drama   Mystery   Thriller  ,351
352,Khwaabb,Drama|Romance|Sport,   Khwaabb Drama   Romance   Sport  ,352
353,Go Goa Gone,Action|Adventure|Comedy,   Go   Goa   Gone Action   Adventure   Comedy  ,353
354,Singh Saab the Great,Action|Drama,   Singh   Saab  the   Great Action   Drama  ,354
355,Rajjo,Drama|Romance,   Rajjo Drama   Romance  ,355
356,Happy New Year,Action|Comedy|Music,   Happy   New   Year Action   Comedy   Music  ,356
357,Grand Masti,Comedy|Drama|Romance,   Grand   Masti Comedy   Drama   Romance  ,357
358,Bullett Raja,Action|Crime|Drama,   Bullett   Raja Action   Crime   Drama  ,358
359,Maazii,Thriller,   Maazii Thriller  ,359
360,Holiday,Action|Thriller,   Holiday Action   Thriller  ,360
361,Boss,Action,   Boss Action  ,361
362,Gulaab Gang,Action|Drama,   Gulaab   Gang Action   Drama  ,362
363,Gunday,Action|Drama|Romance,   Gunday Action   Drama   Romance  ,363
364,Mere Genie Uncle,Comedy,   Mere   Genie   Uncle Comedy  ,364
365,Ragini MMS 2,Horror,   Ragini   M M S  2 Horror  ,365
366,Lucky Kabootar,Comedy,   Lucky   Kabootar Comedy  ,366
367,Dehraadun Diary,Thriller,   Dehraadun   Diary Thriller  ,367
368,Umrika,Comedy|Drama,   Umrika Comedy   Drama  ,368
369,Phata Poster Nikhla Hero,Action|Comedy,   Phata   Poster   Nikhla   Hero Action   Comedy  ,369
370,Jolly LLB,Comedy|Drama,   Jolly   L L B Comedy   Drama  ,370
371,Jayantabhai Ki Luv Story,Action|Comedy|Romance,   Jayantabhai   Ki   Luv   Story Action   Comedy   Romance  ,371
372,Gangoobai,Drama|Family,   Gangoobai Drama   Family  ,372
373,Super Nani,Comedy|Drama|Family,   Super   Nani Comedy   Drama   Family  ,373
374,Commando,Action|Thriller,   Commando Action   Thriller  ,374
375,Dedh Ishqiya,Comedy|Drama|Romance,   Dedh   Ishqiya Comedy   Drama   Romance  ,375
376,Sulemani Keeda,Comedy|Romance,   Sulemani   Keeda Comedy   Romance  ,376
377,Mumbai 125 KM 3D,Drama|Horror|Mystery,   Mumbai  125   K M  3 D Drama   Horror   Mystery  ,377
378,John Day,Drama,   John   Day Drama  ,378
379,Rangrezz,Action|Drama,   Rangrezz Action   Drama  ,379
380,Jal,Drama,   Jal Drama  ,380
381,I Love NY,Comedy|Romance,   I   Love   N Y Comedy   Romance  ,381
382,Total Chaos,Comedy|Drama|Romance,   Total   Chaos Comedy   Drama   Romance  ,382
383,Dassehra,Action|Thriller,   Dassehra Action   Thriller  ,383
384,I'm Your Hero,Action|Comedy|Romance,   I  m   Your   Hero Action   Comedy   Romance  ,384
385,Badlapur Boys,Drama,   Badlapur   Boys Drama  ,385
386,Mickey Virus,Comedy|Thriller,   Mickey   Virus Comedy   Thriller  ,386
387,Bombay Talkies,Drama,   Bombay   Talkies Drama  ,387
388,Dilliwaali Zaalim Girlfriend,Comedy|Drama,   Dilliwaali   Zaalim   Girlfriend Comedy   Drama  ,388
389,Ishqeria,Comedy|Romance,   Ishqeria Comedy   Romance  ,389
390,Aurangzeb,Action|Drama|Thriller,   Aurangzeb Action   Drama   Thriller  ,390
391,Fukrey,Comedy|Drama|Romance,   Fukrey Comedy   Drama   Romance  ,391
392,Gippi,Comedy|Drama,   Gippi Comedy   Drama  ,392
393,Bajatey Raho,Comedy|Drama|Thriller,   Bajatey   Raho Comedy   Drama   Thriller  ,393
394,Madras Cafe,Action|Drama|Thriller,   Madras   Cafe Action   Drama   Thriller  ,394
395,Saare Jahaan Se Mehnga...,Comedy|Drama,   Saare   Jahaan   Se   Mehnga   Comedy   Drama  ,395
396,Policegiri,Action|Comedy,   Policegiri Action   Comedy  ,396
397,Sonali Cable,Comedy|Drama,   Sonali   Cable Comedy   Drama  ,397
398,Jai Jawaan Jai Kisaan,Biography|Drama|History,   Jai   Jawaan   Jai   Kisaan Biography   Drama   History  ,398
399,Calling Mr. Joe B Carvalho,Action|Comedy|Mystery,   Calling   Mr   Joe   B   Carvalho Action   Comedy   Mystery  ,399
400,Ugly,Crime|Drama|Mystery,   Ugly Crime   Drama   Mystery  ,400
401,Bang Bang,Action|Adventure|Comedy,   Bang   Bang Action   Adventure   Comedy  ,401
402,Paranthe Wali Gali,Drama|Romance,   Paranthe   Wali   Gali Drama   Romance  ,402
403,Santa Banta Pvt Ltd,Comedy|Crime|Drama,   Santa   Banta   Pvt   Ltd Comedy   Crime   Drama  ,403
404,Ankur Arora Murder Case,Drama|Thriller,   Ankur   Arora   Murder   Case Drama   Thriller  ,404
405,Margarita with a Straw,Drama,   Margarita  with  a   Straw Drama  ,405
406,Zindagi 50 50,Comedy|Drama,   Zindagi  50  50 Comedy   Drama  ,406
407,Siddharth,Drama,   Siddharth Drama  ,407
408,Traffic,Adventure|Drama|Thriller,   Traffic Adventure   Drama   Thriller  ,408
409,Enemmy,Action|Crime|Drama,   Enemmy Action   Crime   Drama  ,409
410,One by Two,Comedy|Drama|Romance,   One  by   Two Comedy   Drama   Romance  ,410
411,Kaagaz Ke Fools,Comedy,   Kaagaz   Ke   Fools Comedy  ,411
412,M Cream,Adventure|Comedy|Drama,   M   Cream Adventure   Comedy   Drama  ,412
413,Sixteen,Drama|Romance|Thriller,   Sixteen Drama   Romance   Thriller  ,413
414,Lakshmi,Drama,   Lakshmi Drama  ,414
415,Roy,Action|Drama|Mystery,   Roy Action   Drama   Mystery  ,415
416,It's Entertainment,Action|Comedy,   It  s   Entertainment Action   Comedy  ,416
417,Bombay Velvet,Action|Crime|Drama,   Bombay   Velvet Action   Crime   Drama  ,417
418,Highway,Crime|Drama|Romance,   Highway Crime   Drama   Romance  ,418
419,Shuddh Desi Romance,Drama|Romance,   Shuddh   Desi   Romance Drama   Romance  ,419
420,Kuku Mathur Ki Jhand Ho Gayi,Comedy|Romance,   Kuku   Mathur   Ki   Jhand   Ho   Gayi Comedy   Romance  ,420
421,Mary Kom,Action|Biography|Drama,   Mary   Kom Action   Biography   Drama  ,421
422,Sooper Se Ooper,Comedy,   Sooper   Se   Ooper Comedy  ,422
423,Happy Ending,Comedy|Romance,   Happy   Ending Comedy   Romance  ,423
424,Titli,Action|Drama|Thriller,   Titli Action   Drama   Thriller  ,424
425,Chaarfutiya Chhokare,Drama|Thriller,   Chaarfutiya   Chhokare Drama   Thriller  ,425
426,Humshakals,Comedy,   Humshakals Comedy  ,426
427,Kaanchi,Drama|Musical|Romance,   Kaanchi Drama   Musical   Romance  ,427
428,Parched,Drama,   Parched Drama  ,428
429,Nasha,Drama|Thriller,   Nasha Drama   Thriller  ,429
430,Manjunath,Biography|Drama,   Manjunath Biography   Drama  ,430
431,Satya 2,Action|Crime|Drama,   Satya  2 Action   Crime   Drama  ,431
432,War Chod Na Yaar,Comedy|War,   War   Chod   Na   Yaar Comedy   War  ,432
433,Heropanti,Action|Romance,   Heropanti Action   Romance  ,433
434,Finding Fanny,Adventure|Comedy|Drama,   Finding   Fanny Adventure   Comedy   Drama  ,434
435,Tamasha,Comedy|Drama|Romance,   Tamasha Comedy   Drama   Romance  ,435
436,Welcome Back,Action|Comedy|Crime,   Welcome   Back Action   Comedy   Crime  ,436
437,W,Crime|Musical|Thriller,   W Crime   Musical   Thriller  ,437
438,Meinu Ek Ladki Chaahiye,Comedy|Crime|Drama,   Meinu   Ek   Ladki   Chaahiye Comedy   Crime   Drama  ,438
439,Hasee Toh Phasee,Comedy|Romance,   Hasee   Toh   Phasee Comedy   Romance  ,439
440,Ek Villain,Action|Crime|Drama,   Ek   Villain Action   Crime   Drama  ,440
441,Horror Story,Horror,   Horror   Story Horror  ,441
442,Patel Ki Punjabi Shaadi,Comedy,   Patel   Ki   Punjabi   Shaadi Comedy  ,442
443,Beyond the Clouds,Drama|Family,   Beyond  the   Clouds Drama   Family  ,443
444,P Se PM Tak,Comedy|Drama,   P   Se   P M   Tak Comedy   Drama  ,444
445,Kajarya,Drama,   Kajarya Drama  ,445
446,Revolver Rani,Action|Comedy|Crime,   Revolver   Rani Action   Comedy   Crime  ,446
447,Shaadi Ke Side Effects,Comedy|Romance,   Shaadi   Ke   Side   Effects Comedy   Romance  ,447
448,Ya Rab,Drama,   Ya   Rab Drama  ,448
449,Jackpot,Comedy|Thriller,   Jackpot Comedy   Thriller  ,449
450,Titoo MBA,Comedy|Romance,   Titoo   M B A Comedy   Romance  ,450
451,Calapor,Drama,   Calapor Drama  ,451
452,Queen,Comedy|Drama,   Queen Comedy   Drama  ,452
453,Chhota Bheem and the Throne of Bali,Animation,   Chhota   Bheem  and  the   Throne  of   Bali Animation  ,453
454,Heartless,Drama|Family|Romance,   Heartless Drama   Family   Romance  ,454
455,Rahasya,Mystery|Thriller,   Rahasya Mystery   Thriller  ,455
456,Jia aur Jia,Drama,   Jia  aur   Jia Drama  ,456
457,What the Fish,Adventure|Comedy|Drama,   What  the   Fish Adventure   Comedy   Drama  ,457
458,Bobby Jasoos,Comedy|Drama|Thriller,   Bobby   Jasoos Comedy   Drama   Thriller  ,458
459,Angry Indian Goddesses,Comedy|Drama,   Angry   Indian   Goddesses Comedy   Drama  ,459
460,Children of War,Drama|History|War,   Children  of   War Drama   History   War  ,460
461,Kill Dil,Action|Drama|Romance,   Kill   Dil Action   Drama   Romance  ,461
462,Yaariyan,Drama|Romance,   Yaariyan Drama   Romance  ,462
463,Haider,Action|Crime|Drama,   Haider Action   Crime   Drama  ,463
464,Tevar,Action|Drama|Romance,   Tevar Action   Drama   Romance  ,464
465,Invitation of Love,Comedy|Drama|Romance,   Invitation  of   Love Comedy   Drama   Romance  ,465
466,Raees,Action|Crime|Drama,   Raees Action   Crime   Drama  ,466
467,Rocky Handsome,Action|Thriller,   Rocky   Handsome Action   Thriller  ,467
468,Bangistan,Comedy|Drama,   Bangistan Comedy   Drama  ,468
469,Babloo Happy Hai,Comedy|Drama|Romance,   Babloo   Happy   Hai Comedy   Drama   Romance  ,469
470,Mastram,Biography|Drama,   Mastram Biography   Drama  ,470
471,Rakhtbeej,Thriller,   Rakhtbeej Thriller  ,471
472,Detective Byomkesh Bakshy!,Action|Mystery|Thriller,   Detective   Byomkesh   Bakshy   Action   Mystery   Thriller  ,472
473,Manjhi: The Mountain Man,Adventure|Biography|Drama,   Manjhi   The   Mountain   Man Adventure   Biography   Drama  ,473
474,Darr @ the Mall,Horror|Thriller,   Darr  the   Mall Horror   Thriller  ,474
475,Jugni,Drama,   Jugni Drama  ,475
476,Karle Pyaar Karle,Action|Romance,   Karle   Pyaar   Karle Action   Romance  ,476
477,Phantom,Action|Drama|Thriller,   Phantom Action   Drama   Thriller  ,477
478,Kaun Kitney Paani Mein,Comedy|Drama|Family,   Kaun   Kitney   Paani   Mein Comedy   Drama   Family  ,478
479,Anuradha,Drama,   Anuradha Drama  ,479
480,O Teri,Comedy|Drama,   O   Teri Comedy   Drama  ,480
481,Hamari Adhuri Kahani,Drama|Romance,   Hamari   Adhuri   Kahani Drama   Romance  ,481
482,Bewakoofiyaan,Comedy|Drama|Romance,   Bewakoofiyaan Comedy   Drama   Romance  ,482
483,Raja Natwarlal,Crime|Thriller,   Raja   Natwarlal Crime   Thriller  ,483
484,Mardaani,Action|Crime|Drama,   Mardaani Action   Crime   Drama  ,484
485,Fan,Action|Drama|Thriller,   Fan Action   Drama   Thriller  ,485
486,Dum Laga Ke Haisha,Comedy|Drama|Romance,   Dum   Laga   Ke   Haisha Comedy   Drama   Romance  ,486
487,Hawaa Hawaai,Drama|Family|Sport,   Hawaa   Hawaai Drama   Family   Sport  ,487
488,Youngistaan,Drama,   Youngistaan Drama  ,488
489,Yeh Hai Bakrapur,Comedy|Drama,   Yeh   Hai   Bakrapur Comedy   Drama  ,489
490,Gang of Ghosts,Comedy|Horror,   Gang  of   Ghosts Comedy   Horror  ,490
491,Bhoothnath Returns,Comedy|Drama|Fantasy,   Bhoothnath   Returns Comedy   Drama   Fantasy  ,491
492,Dishkiyaoon,Action|Thriller,   Dishkiyaoon Action   Thriller  ,492
493,All Is Well,Adventure|Comedy|Drama,   All   Is   Well Adventure   Comedy   Drama  ,493
494,Khoobsurat,Comedy|Romance,   Khoobsurat Comedy   Romance  ,494
495,Karar: The Deal,Thriller,   Karar   The   Deal Thriller  ,495
496,Kahin Hai Mera Pyar,Drama|Musical|Romance,   Kahin   Hai   Mera   Pyar Drama   Musical   Romance  ,496
497,Global Baba,Thriller,   Global   Baba Thriller  ,497
498,Prem Ratan Dhan Payo,Action|Drama|Musical,   Prem   Ratan   Dhan   Payo Action   Drama   Musical  ,498
499,Bank Chor,Action|Comedy|Thriller,   Bank   Chor Action   Comedy   Thriller  ,499
500,Ankhon Dekhi,Comedy|Drama,   Ankhon   Dekhi Comedy   Drama  ,500
501,Bhaag Johnny,Action|Fantasy|Thriller,   Bhaag   Johnny Action   Fantasy   Thriller  ,501
502,Hate Story 2,Drama|Thriller,   Hate   Story  2 Drama   Thriller  ,502
503,Creature,Action|Horror|Sci-Fi,   Creature Action   Horror   Sci   Fi  ,503
504,Samrat & Co.,Mystery|Thriller,   Samrat   Co   Mystery   Thriller  ,504
505,Koyelaanchal,Action|Drama,   Koyelaanchal Action   Drama  ,505
506,The Xpose,Thriller,   The   Xpose Thriller  ,506
507,Coffee Bloom,Drama,   Coffee   Bloom Drama  ,507
508,Dekh Tamasha Dekh,Comedy,   Dekh   Tamasha   Dekh Comedy  ,508
509,City of Revenge,Action|Crime|Drama,   City  of   Revenge Action   Crime   Drama  ,509
510,The Bride of Humpty Sharma,Comedy|Drama|Romance,   The   Bride  of   Humpty   Sharma Comedy   Drama   Romance  ,510
511,Any Body Can Dance 2,Biography|Drama|Music,   Any   Body   Can   Dance  2 Biography   Drama   Music  ,511
512,Kapow,Action|Adventure|Comedy,   Kapow Action   Adventure   Comedy  ,512
513,Purani Jeans,Drama,   Purani   Jeans Drama  ,513
514,Fugly,Drama|Thriller,   Fugly Drama   Thriller  ,514
515,Once Upon a Time in Bihar,Thriller,   Once   Upon  a   Time  in   Bihar Thriller  ,515
516,Singh Is Bliing,Action|Comedy,   Singh   Is   Bliing Action   Comedy  ,516
517,CityLights,Drama|Thriller,   City Lights Drama   Thriller  ,517
518,Lekar Hum Deewana Dil,Comedy|Romance,   Lekar   Hum   Deewana   Dil Comedy   Romance  ,518
519,Court,Drama,   Court Drama  ,519
520,3 AM: A Paranormal Experience,Horror|Romance,  3   A M   A   Paranormal   Experience Horror   Romance  ,520
521,Mastizaade,Comedy,   Mastizaade Comedy  ,521
522,Bajirao Mastani,Action|Drama|History,   Bajirao   Mastani Action   Drama   History  ,522
523,NH10,Action|Crime|Drama,   N H10 Action   Crime   Drama  ,523
524,Wake Up India,Drama,   Wake   Up   India Drama  ,524
525,Piku,Comedy|Drama,   Piku Comedy   Drama  ,525
526,Shivaay,Action|Drama|Thriller,   Shivaay Action   Drama   Thriller  ,526
527,Pizza,Horror,   Pizza Horror  ,527
528,ROAR: Tigers of the Sundarbans,Action|Adventure|Sci-Fi,   R O A R   Tigers  of  the   Sundarbans Action   Adventure   Sci   Fi  ,528
529,Main Hoon Rajinikanth,Comedy,   Main   Hoon   Rajinikanth Comedy  ,529
530,Brothers,Action|Drama|Sport,   Brothers Action   Drama   Sport  ,530
531,M.A.D: Mad About Dance,Drama|Musical,   M   A   D   Mad   About   Dance Drama   Musical  ,531
532,Amit Sahni Ki List,Comedy|Romance,   Amit   Sahni   Ki   List Comedy   Romance  ,532
533,Love Sonia,Drama,   Love   Sonia Drama  ,533
534,Shamitabh,Drama,   Shamitabh Drama  ,534
535,Junooniyat,Drama|Romance,   Junooniyat Drama   Romance  ,535
536,Ekkees Toppon Ki Salaami,Comedy,   Ekkees   Toppon   Ki   Salaami Comedy  ,536
537,The Shaukeens,Comedy,   The   Shaukeens Comedy  ,537
538,Baby,Action|Thriller,   Baby Action   Thriller  ,538
539,Mr. X,Action|Crime|Sci-Fi,   Mr   X Action   Crime   Sci   Fi  ,539
540,Bazaar E Husn,Drama,   Bazaar   E   Husn Drama  ,540
541,Mohenjo Daro,Action|Adventure|Drama,   Mohenjo   Daro Action   Adventure   Drama  ,541
542,Fuddu,Comedy|Drama,   Fuddu Comedy   Drama  ,542
543,Bajrangi Bhaijaan,Action|Comedy|Drama,   Bajrangi   Bhaijaan Action   Comedy   Drama  ,543
544,Desi Kattey,Action,   Desi   Kattey Action  ,544
545,Life Is Beautiful,Comedy|Romance,   Life   Is   Beautiful Comedy   Romance  ,545
546,Khamoshiyan,Drama|Horror|Romance,   Khamoshiyan Drama   Horror   Romance  ,546
547,Spark,Action,   Spark Action  ,547
548,Second Hand Husband,Comedy,   Second   Hand   Husband Comedy  ,548
549,Shaandaar,Comedy|Drama|Romance,   Shaandaar Comedy   Drama   Romance  ,549
550,Jigariyaa,Drama,   Jigariyaa Drama  ,550
551,Fever,Crime|Mystery,   Fever Crime   Mystery  ,551
552,Welcome 2 Karachi,Action|Comedy|War,   Welcome  2   Karachi Action   Comedy   War  ,552
553,Main Aur Charles,Action|Biography|Crime,   Main   Aur   Charles Action   Biography   Crime  ,553
554,Mumbai Delhi Mumbai,Comedy|Romance,   Mumbai   Delhi   Mumbai Comedy   Romance  ,554
555,Balwinder Singh Famous Ho Gaya,Comedy,   Balwinder   Singh   Famous   Ho   Gaya Comedy  ,555
556,Rainbow,Drama,   Rainbow Drama  ,556
557,Crazy Cukkad Family,Comedy,   Crazy   Cukkad   Family Comedy  ,557
558,MSG: The Messenger of God,Action|Comedy|Drama,   M S G   The   Messenger  of   God Action   Comedy   Drama  ,558
559,Dil Dhadakne Do,Comedy|Drama|Romance,   Dil   Dhadakne   Do Comedy   Drama   Romance  ,559
560,Meeruthiya Gangsters,Comedy|Crime,   Meeruthiya   Gangsters Comedy   Crime  ,560
561,Jagga Jasoos,Action|Adventure|Comedy,   Jagga   Jasoos Action   Adventure   Comedy  ,561
562,M.S. Dhoni: The Untold Story,Biography|Drama|Sport,   M   S   Dhoni   The   Untold   Story Biography   Drama   Sport  ,562
563,Zed Plus,Comedy,   Zed   Plus Comedy  ,563
564,Gollu aur Pappu,Comedy,   Gollu  aur   Pappu Comedy  ,564
565,Zid,Crime|Thriller,   Zid Crime   Thriller  ,565
566,Sanam Re,Drama|Romance,   Sanam   Re Drama   Romance  ,566
567,Alone,Horror,   Alone Horror  ,567
568,Kuch Kuch Locha Hai,Comedy|Drama,   Kuch   Kuch   Locha   Hai Comedy   Drama  ,568
569,Night,Drama|Romance,   Night Drama   Romance  ,569
570,Kis Kisko Pyaar Karoon,Comedy,   Kis   Kisko   Pyaar   Karoon Comedy  ,570
571,G Kutta Se,Drama,   G   Kutta   Se Drama  ,571
572,The Silent Heroes,Adventure|Drama|Family,   The   Silent   Heroes Adventure   Drama   Family  ,572
573,Jazbaa,Action|Crime|Drama,   Jazbaa Action   Crime   Drama  ,573
574,Dolly Ki Doli,Comedy|Romance,   Dolly   Ki   Doli Comedy   Romance  ,574
575,Hunterrr,Comedy|Romance,   Hunterrr Comedy   Romance  ,575
576,Honour Killing,Drama|Romance,   Honour   Killing Drama   Romance  ,576
577,My Birthday Song,Thriller,   My   Birthday   Song Thriller  ,577
578,Hawaizaada,Biography|Drama,   Hawaizaada Biography   Drama  ,578
579,Direct Ishq,Action|Comedy|Romance,   Direct   Ishq Action   Comedy   Romance  ,579
580,Dharam Sankat Mein,Comedy,   Dharam   Sankat   Mein Comedy  ,580
581,Albert Pinto Ko Gussa Kyun Aata Hai?,Drama,   Albert   Pinto   Ko   Gussa   Kyun   Aata   Hai   Drama  ,581
582,Mumbai Can Dance Saalaa,Drama,   Mumbai   Can   Dance   Saalaa Drama  ,582
583,Rough Book,Drama,   Rough   Book Drama  ,583
584,7 Hours to Go,Crime|Thriller,  7   Hours  to   Go Crime   Thriller  ,584
585,Sharafat Gayi Tel Lene,Comedy|Drama|Mystery,   Sharafat   Gayi   Tel   Lene Comedy   Drama   Mystery  ,585
586,Take It Easy,Drama,   Take   It   Easy Drama  ,586
587,31st October,Action|Drama|History,  31st   October Action   Drama   History  ,587
588,Airlift,Drama|History,   Airlift Drama   History  ,588
589,Obsession,Drama|Romance,   Obsession Drama   Romance  ,589
590,Pyaar Ka Punchnama 2,Comedy|Drama|Romance,   Pyaar   Ka   Punchnama  2 Comedy   Drama   Romance  ,590
591,Drishyam,Crime|Drama|Mystery,   Drishyam Crime   Drama   Mystery  ,591
592,Udta Punjab,Action|Crime|Drama,   Udta   Punjab Action   Crime   Drama  ,592
593,Hero,Action|Drama|Musical,   Hero Action   Drama   Musical  ,593
594,Katti Batti,Comedy|Drama|Romance,   Katti   Batti Comedy   Drama   Romance  ,594
595,Flat 211,Crime|Mystery|Thriller,   Flat  211 Crime   Mystery   Thriller  ,595
596,Ek Paheli Leela,Mystery|Romance|Thriller,   Ek   Paheli   Leela Mystery   Romance   Thriller  ,596
597,Dirty Politics,Drama,   Dirty   Politics Drama  ,597
598,Shortcut Safari,Adventure|Drama|Mystery,   Shortcut   Safari Adventure   Drama   Mystery  ,598
599,Badmashiyaan,Comedy|Romance,   Badmashiyaan Comedy   Romance  ,599
600,Hey Bro,Action|Comedy|Drama,   Hey   Bro Action   Comedy   Drama  ,600
601,Gour Hari Dastaan: The Freedom File,Biography|Drama,   Gour   Hari   Dastaan   The   Freedom   File Biography   Drama  ,601
602,Dilwale,Action|Comedy|Romance,   Dilwale Action   Comedy   Romance  ,602
603,Uvaa,Comedy|Drama,   Uvaa Comedy   Drama  ,603
604,Dobaara: See Your Evil,Horror|Mystery,   Dobaara   See   Your   Evil Horror   Mystery  ,604
605,3 Storeys,Drama,  3   Storeys Drama  ,605
606,Barkhaa,Drama|Romance,   Barkhaa Drama   Romance  ,606
607,Ae Dil Hai Mushkil,Drama|Music|Musical,   Ae   Dil   Hai   Mushkil Drama   Music   Musical  ,607
608,Four Pillars of Basement,Action|Mystery|Thriller,   Four   Pillars  of   Basement Action   Mystery   Thriller  ,608
609,Ishq Click,Drama|Romance,   Ishq   Click Drama   Romance  ,609
610,Luv U Alia,Family|Romance,   Luv   U   Alia Family   Romance  ,610
611,Ishq Ke Parindey,Music|Romance,   Ishq   Ke   Parindey Music   Romance  ,611
612,Luckhnowi Ishq,Drama,   Luckhnowi   Ishq Drama  ,612
613,Chalk N Duster,Drama,   Chalk   N   Duster Drama  ,613
614,Ishqedarriyaan,Romance,   Ishqedarriyaan Romance  ,614
615,Masaan,Drama,   Masaan Drama  ,615
616,Sachin,Documentary|Sport,   Sachin Documentary   Sport  ,616
617,Warrior Savitri,Action|Thriller,   Warrior   Savitri Action   Thriller  ,617
618,Wedding Pullav,Comedy|Romance,   Wedding   Pullav Comedy   Romance  ,618
619,Sabki Bajegi Band,Comedy|Drama,   Sabki   Bajegi   Band Comedy   Drama  ,619
620,Rebellious Flower,Biography|Drama,   Rebellious   Flower Biography   Drama  ,620
621,NH-8: Road to Nidhivan,Horror,   N H  8   Road  to   Nidhivan Horror  ,621
622,Great Grand Masti,Comedy|Drama|Fantasy,   Great   Grand   Masti Comedy   Drama   Fantasy  ,622
623,Ghayal Once Again,Action|Drama,   Ghayal   Once   Again Action   Drama  ,623
624,Guddu Rangeela,Comedy|Drama,   Guddu   Rangeela Comedy   Drama  ,624
625,Miss Tanakpur Haazir Ho,Comedy|Crime|Family,   Miss   Tanakpur   Haazir   Ho Comedy   Crime   Family  ,625
626,I Love Desi,Comedy|Romance,   I   Love   Desi Comedy   Romance  ,626
627,Ki & Ka,Comedy|Romance,   Ki   Ka Comedy   Romance  ,627
628,Bezubaan Ishq,Musical|Romance,   Bezubaan   Ishq Musical   Romance  ,628
629,The World It Is,Drama,   The   World   It   Is Drama  ,629
630,Lipstick Under My Burkha,Drama,   Lipstick   Under   My   Burkha Drama  ,630
631,Te3n,Drama|Mystery|Thriller,   Te3n Drama   Mystery   Thriller  ,631
632,Waiting,Drama,   Waiting Drama  ,632
633,Sultan,Action|Drama|Sport,   Sultan Action   Drama   Sport  ,633
634,Shackle,Drama,   Shackle Drama  ,634
635,Guddu Ki Gun,Comedy,   Guddu   Ki   Gun Comedy  ,635
636,Do Lafzon Ki Kahani,Action|Drama|Romance,   Do   Lafzon   Ki   Kahani Action   Drama   Romance  ,636
637,Thoda Lutf Thoda Ishq,Comedy|Romance,   Thoda   Lutf   Thoda   Ishq Comedy   Romance  ,637
638,Baaghi,Action|Thriller,   Baaghi Action   Thriller  ,638
639,Hate Story 3,Drama|Thriller,   Hate   Story  3 Drama   Thriller  ,639
640,Calendar Girls,Drama,   Calendar   Girls Drama  ,640
641,Kapoor & Sons,Comedy|Drama|Romance,   Kapoor   Sons Comedy   Drama   Romance  ,641
642,Azhar,Biography|Drama|Sport,   Azhar Biography   Drama   Sport  ,642
643,Rangoon,Action|Drama|History,   Rangoon Action   Drama   History  ,643
644,YADVI: The Dignified Princess,Biography|Drama|History,   Y A D V I   The   Dignified   Princess Biography   Drama   History  ,644
645,Island City,Drama,   Island   City Drama  ,645
646,MSG 2 the Messenger,Comedy|Drama|Fantasy,   M S G  2  the   Messenger Comedy   Drama   Fantasy  ,646
647,Talvar,Crime|Drama|Mystery,   Talvar Crime   Drama   Mystery  ,647
648,Mirzya,Action|Adventure|Drama,   Mirzya Action   Adventure   Drama  ,648
649,Mohalla Assi,Comedy|Drama,   Mohalla   Assi Comedy   Drama  ,649
650,Bombairiya,Comedy|Crime|Drama,   Bombairiya Comedy   Crime   Drama  ,650
651,Viceroy's House,Biography|Drama|History,   Viceroy  s   House Biography   Drama   History  ,651
652,Jai Gangaajal,Crime|Drama,   Jai   Gangaajal Crime   Drama  ,652
653,Daas Dev,Drama|Thriller,   Daas   Dev Drama   Thriller  ,653
654,Ishq Forever,Romance,   Ishq   Forever Romance  ,654
655,Sorry Daddy,Action,   Sorry   Daddy Action  ,655
656,Bumper Draw,Comedy,   Bumper   Draw Comedy  ,656
657,Nil Battey Sannata,Drama|Family,   Nil   Battey   Sannata Drama   Family  ,657
658,Fraud Saiyaan,Comedy|Drama,   Fraud   Saiyaan Comedy   Drama  ,658
659,Chinar Daastaan-E-Ishq,Romance,   Chinar   Daastaan   E   Ishq Romance  ,659
660,Mantra,Drama|Family,   Mantra Drama   Family  ,660
661,Yaara Silly Silly,Romance,   Yaara   Silly   Silly Romance  ,661
662,Dangal,Action|Biography|Drama,   Dangal Action   Biography   Drama  ,662
663,Befikre,Comedy|Drama|Romance,   Befikre Comedy   Drama   Romance  ,663
664,Sarbjit,Biography|Drama,   Sarbjit Biography   Drama  ,664
665,Aligarh,Biography|Drama,   Aligarh Biography   Drama  ,665
666,Love Shagun,Comedy|Romance,   Love   Shagun Comedy   Romance  ,666
667,Ranbanka,Action,   Ranbanka Action  ,667
668,Force 2,Action|Thriller,   Force  2 Action   Thriller  ,668
669,Rustom,Crime|Drama|Thriller,   Rustom Crime   Drama   Thriller  ,669
670,Baar Baar Dekho,Comedy|Drama|Romance,   Baar   Baar   Dekho Comedy   Drama   Romance  ,670
671,X: Past Is Present,Drama|Mystery|Romance,   X   Past   Is   Present Drama   Mystery   Romance  ,671
672,LoveShhuda,Comedy|Romance,   Love Shhuda Comedy   Romance  ,672
673,Bollywood Diaries,Drama,   Bollywood   Diaries Drama  ,673
674,Beiimaan Love,Drama|Romance|Thriller,   Beiimaan   Love Drama   Romance   Thriller  ,674
675,A Flying Jatt,Action|Adventure|Comedy,   A   Flying   Jatt Action   Adventure   Comedy  ,675
676,Brahman Naman,Comedy,   Brahman   Naman Comedy  ,676
677,Neerja,Biography|Drama|Thriller,   Neerja Biography   Drama   Thriller  ,677
678,Kyaa Kool Hain Hum 3,Comedy,   Kyaa   Kool   Hain   Hum  3 Comedy  ,678
679,Saala Khadoos,Action|Drama|Sport,   Saala   Khadoos Action   Drama   Sport  ,679
680,Tere Bin Laden: Dead Or Alive,Comedy,   Tere   Bin   Laden   Dead   Or   Alive Comedy  ,680
681,Hate Story IV,Crime|Drama|Thriller,   Hate   Story   I V Crime   Drama   Thriller  ,681
682,Moh Maya Money,Crime|Drama|Thriller,   Moh   Maya   Money Crime   Drama   Thriller  ,682
683,Twins 2,Action|Comedy,   Twins  2 Action   Comedy  ,683
684,Murari the Mad Gentleman,Comedy|Drama,   Murari  the   Mad   Gentleman Comedy   Drama  ,684
685,Kaabil,Action|Drama|Thriller,   Kaabil Action   Drama   Thriller  ,685
686,J.D.,Drama,   J   D   Drama  ,686
687,Meri Pyaari Bindu,Comedy|Drama|Romance,   Meri   Pyaari   Bindu Comedy   Drama   Romance  ,687
688,Happy Bhag Jayegi,Comedy|Romance,   Happy   Bhag   Jayegi Comedy   Romance  ,688
689,Manmarziyaan,Romance,   Manmarziyaan Romance  ,689
690,Half Girlfriend,Drama|Romance,   Half   Girlfriend Drama   Romance  ,690
691,Phillauri,Comedy|Drama|Fantasy,   Phillauri Comedy   Drama   Fantasy  ,691
692,Love Games,Thriller,   Love   Games Thriller  ,692
693,Yeh Hai India,Action|Adventure|Drama,   Yeh   Hai   India Action   Adventure   Drama  ,693
694,Raabta,Action|Adventure|Drama,   Raabta Action   Adventure   Drama  ,694
695,Maatr,Thriller,   Maatr Thriller  ,695
696,Sweetiee Weds NRI,Comedy|Drama|Romance,   Sweetiee   Weds   N R I Comedy   Drama   Romance  ,696
697,Pink,Drama|Thriller,   Pink Drama   Thriller  ,697
698,Laal Rang,Action|Crime|Drama,   Laal   Rang Action   Crime   Drama  ,698
699,A Gentleman,Action|Comedy,   A   Gentleman Action   Comedy  ,699
700,Dear Dad,Drama|Family,   Dear   Dad Drama   Family  ,700
701,Qaidi Band,Drama|Music,   Qaidi   Band Drama   Music  ,701
702,Veerappan,Action|Biography|Crime,   Veerappan Action   Biography   Crime  ,702
703,Saat Uchakkey,Comedy,   Saat   Uchakkey Comedy  ,703
704,Wajah Tum Ho,Drama|Mystery|Romance,   Wajah   Tum   Ho Drama   Mystery   Romance  ,704
705,1920 London,Horror|Mystery,  1920   London Horror   Mystery  ,705
706,Raaz Reboot,Horror|Mystery|Romance,   Raaz   Reboot Horror   Mystery   Romance  ,706
707,Raman Raghav 2.0,Crime|Drama|Thriller,   Raman   Raghav  2  0 Crime   Drama   Thriller  ,707
708,Mardaani 2,Action|Drama|Thriller,   Mardaani  2 Action   Drama   Thriller  ,708
709,Mom,Crime|Drama|Thriller,   Mom Crime   Drama   Thriller  ,709
710,Lucknow Central,Action|Drama|Music,   Lucknow   Central Action   Drama   Music  ,710
711,Madaari,Adventure|Drama|Thriller,   Madaari Adventure   Drama   Thriller  ,711
712,Tum Bin 2,Drama|Romance,   Tum   Bin  2 Drama   Romance  ,712
713,Sarkar 3,Action|Crime|Drama,   Sarkar  3 Action   Crime   Drama  ,713
714,Phobia,Drama|Mystery|Thriller,   Phobia Drama   Mystery   Thriller  ,714
715,Julie 2,Drama|Romance,   Julie  2 Drama   Romance  ,715
716,Chef,Comedy|Drama|Family,   Chef Comedy   Drama   Family  ,716
717,Shorgul,Drama,   Shorgul Drama  ,717
718,Hai Apna Dil Toh Awara,Comedy,   Hai   Apna   Dil   Toh   Awara Comedy  ,718
719,Banjo,Action|Drama|Music,   Banjo Action   Drama   Music  ,719
720,Jeena Isi Ka Naam Hai,Drama,   Jeena   Isi   Ka   Naam   Hai Drama  ,720
721,Fredrick,Action|Thriller,   Fredrick Action   Thriller  ,721
722,Okay Darling,Drama|Romance,   Okay   Darling Drama   Romance  ,722
723,Hindi Medium,Comedy|Drama,   Hindi   Medium Comedy   Drama  ,723
724,Noor,Comedy|Drama,   Noor Comedy   Drama  ,724
725,Dil Toh Deewana Hai,Drama|Romance,   Dil   Toh   Deewana   Hai Drama   Romance  ,725
726,Aksar 2,Crime|Drama|Mystery,   Aksar  2 Crime   Drama   Mystery  ,726
727,Begum Jaan,Action|Drama|History,   Begum   Jaan Action   Drama   History  ,727
728,Toilet - Ek Prem Katha,Comedy|Drama,   Toilet   Ek   Prem   Katha Comedy   Drama  ,728
729,Machine,Action|Mystery|Romance,   Machine Action   Mystery   Romance  ,729
730,Tubelight,Drama|War,   Tubelight Drama   War  ,730
731,Aa Gaya Hero,Action,   Aa   Gaya   Hero Action  ,731
732,Days of Tafree,Comedy,   Days  of   Tafree Comedy  ,732
733,Wah Taj,Drama,   Wah   Taj Drama  ,733
734,Saansein: The Last Breath,Horror|Romance,   Saansein   The   Last   Breath Horror   Romance  ,734
735,Padmaavat,Drama|History|Romance,   Padmaavat Drama   History   Romance  ,735
736,Freaky Ali,Comedy|Sport,   Freaky   Ali Comedy   Sport  ,736
737,Dear Zindagi,Drama|Romance,   Dear   Zindagi Drama   Romance  ,737
738,Tiger Zinda Hai,Action|Adventure|Thriller,   Tiger   Zinda   Hai Action   Adventure   Thriller  ,738
739,Thugs of Hindostan,Action|Adventure,   Thugs  of   Hindostan Action   Adventure  ,739
740,Jab Harry Met Sejal,Comedy|Drama|Romance,   Jab   Harry   Met   Sejal Comedy   Drama   Romance  ,740
741,Hotel Salvation,Comedy|Drama,   Hotel   Salvation Comedy   Drama  ,741
742,Evening Shadows,Drama,   Evening   Shadows Drama  ,742
743,Dear Maya,Drama|Romance,   Dear   Maya Drama   Romance  ,743
744,MSG the Warrior: Lion Heart,Adventure|Fantasy|Sci-Fi,   M S G  the   Warrior   Lion   Heart Adventure   Fantasy   Sci   Fi  ,744
745,Tutak Tutak Tutiya,Comedy|Horror,   Tutak   Tutak   Tutiya Comedy   Horror  ,745
746,Dongri Ka Raja,Action|Drama|Romance,   Dongri   Ka   Raja Action   Drama   Romance  ,746
747,Anaarkali of Aarah,Drama,   Anaarkali  of   Aarah Drama  ,747
748,Dil Juunglee,Comedy|Romance,   Dil   Juunglee Comedy   Romance  ,748
749,Soni,Drama,   Soni Drama  ,749
750,Raag Desh,Action|Drama|History,   Raag   Desh Action   Drama   History  ,750
751,Kaalakaandi,Comedy|Thriller,   Kaalakaandi Comedy   Thriller  ,751
752,Secret Superstar,Drama|Music,   Secret   Superstar Drama   Music  ,752
753,Munna Michael,Action|Drama|Music,   Munna   Michael Action   Drama   Music  ,753
754,Anna,Biography,   Anna Biography  ,754
755,Bhavesh Joshi Superhero,Action|Drama,   Bhavesh   Joshi   Superhero Action   Drama  ,755
756,Dark wind,Drama,   Dark  wind Drama  ,756
757,Jack & Dil,Comedy|Family,   Jack   Dil Comedy   Family  ,757
758,Naam Shabana,Action|Thriller,   Naam   Shabana Action   Thriller  ,758
759,Guest iin London,Comedy,   Guest  iin   London Comedy  ,759
760,Gold,Drama|History|Sport,   Gold Drama   History   Sport  ,760
761,Trapped,Action|Drama|Thriller,   Trapped Action   Drama   Thriller  ,761
762,Kesari,Action|Drama|History,   Kesari Action   Drama   History  ,762
763,Bhoomi,Action|Drama,   Bhoomi Action   Drama  ,763
764,Mubarakan,Comedy|Romance,   Mubarakan Comedy   Romance  ,764
765,Vodka Diaries,Mystery|Thriller,   Vodka   Diaries Mystery   Thriller  ,765
766,Badrinath Ki Dulhania,Comedy|Drama|Romance,   Badrinath   Ki   Dulhania Comedy   Drama   Romance  ,766
767,Motu Patlu: King of Kings,Adventure|Comedy,   Motu   Patlu   King  of   Kings Adventure   Comedy  ,767
768,Running Shaadi,Comedy|Romance,   Running   Shaadi Comedy   Romance  ,768
769,The Ghazi Attack,Action|Thriller|War,   The   Ghazi   Attack Action   Thriller   War  ,769
770,Coffee with D,Comedy,   Coffee  with   D Comedy  ,770
771,Ek Haseena Thi Ek Deewana Tha,Drama,   Ek   Haseena   Thi   Ek   Deewana   Tha Drama  ,771
772,Poster Boys,Comedy,   Poster   Boys Comedy  ,772
773,Union Leader,Drama,   Union   Leader Drama  ,773
774,Simran,Crime|Drama|Thriller,   Simran Crime   Drama   Thriller  ,774
775,Sanju,Biography|Drama,   Sanju Biography   Drama  ,775
776,Hind Ka Napak Ko Jawab,Action|Comedy,   Hind   Ka   Napak   Ko   Jawab Action   Comedy  ,776
777,Irada,Drama|Mystery|Thriller,   Irada Drama   Mystery   Thriller  ,777
778,Ajji,Drama,   Ajji Drama  ,778
779,Newton,Drama,   Newton Drama  ,779
780,Wedding Anniversary,Drama,   Wedding   Anniversary Drama  ,780
781,Haseena Parkar,Biography|Crime|Thriller,   Haseena   Parkar Biography   Crime   Thriller  ,781
782,Long Live Brij Mohan,Comedy|Crime|Drama,   Long   Live   Brij   Mohan Comedy   Crime   Drama  ,782
783,Baazaar,Crime|Drama|Thriller,   Baazaar Crime   Drama   Thriller  ,783
784,Zero,Comedy|Drama|Romance,   Zero Comedy   Drama   Romance  ,784
785,Behen Hogi Teri,Comedy,   Behen   Hogi   Teri Comedy  ,785
786,Hichki,Comedy|Drama,   Hichki Comedy   Drama  ,786
787,Bhanwarey,Comedy,   Bhanwarey Comedy  ,787
788,Indu Sarkar,Drama|History|Thriller,   Indu   Sarkar Drama   History   Thriller  ,788
789,Jattu Engineer,Comedy,   Jattu   Engineer Comedy  ,789
790,khel toh ab shuru hoga,Action|Thriller,  khel  toh  ab  shuru  hoga Action   Thriller  ,790
791,Babumoshai Bandookbaaz,Action|Crime|Thriller,   Babumoshai   Bandookbaaz Action   Crime   Thriller  ,791
792,Fukrey Returns,Comedy,   Fukrey   Returns Comedy  ,792
793,Rajma Chawal,Comedy|Drama|Family,   Rajma   Chawal Comedy   Drama   Family  ,793
794,Ek Rani Aisi Bhi Thi,Biography|History,   Ek   Rani   Aisi   Bhi   Thi Biography   History  ,794
795,Aiyaary,Action|Thriller,   Aiyaary Action   Thriller  ,795
796,Tumhari Sulu,Comedy|Drama,   Tumhari   Sulu Comedy   Drama  ,796
797,Parmanu: The Story of Pokhran,Action|Drama|History,   Parmanu   The   Story  of   Pokhran Action   Drama   History  ,797
798,Saaho,Action|Thriller,   Saaho Action   Thriller  ,798
799,Baaghi 2,Action|Thriller,   Baaghi  2 Action   Thriller  ,799
800,Hume Tumse Pyaar Kitna,Action|Drama|Romance,   Hume   Tumse   Pyaar   Kitna Action   Drama   Romance  ,800
801,Manikarnika: The Queen of Jhansi,Action|Biography|Drama,   Manikarnika   The   Queen  of   Jhansi Action   Biography   Drama  ,801
802,Manto,Biography|Drama,   Manto Biography   Drama  ,802
803,Daddy,Action|Biography|Crime,   Daddy Action   Biography   Crime  ,803
804,Bareilly Ki Barfi,Comedy|Romance,   Bareilly   Ki   Barfi Comedy   Romance  ,804
805,Shubh Mangal Saavdhan,Comedy|Romance,   Shubh   Mangal   Saavdhan Comedy   Romance  ,805
806,Omerta,Action|Biography|Crime,   Omerta Action   Biography   Crime  ,806
807,Pal Pal Dil Ke Paas,Action|Drama|Romance,   Pal   Pal   Dil   Ke   Paas Action   Drama   Romance  ,807
808,The Accidental Prime Minister,Biography|Drama,   The   Accidental   Prime   Minister Biography   Drama  ,808
809,Kalank,Drama|Romance,   Kalank Drama   Romance  ,809
810,Ribbon,Drama|Family,   Ribbon Drama   Family  ,810
811,Dabangg 3,Action,   Dabangg  3 Action  ,811
812,Raazi,Action|Drama|Thriller,   Raazi Action   Drama   Thriller  ,812
813,Made in India,Comedy|Drama,   Made  in   India Comedy   Drama  ,813
814,Ranchi Diaries,Thriller,   Ranchi   Diaries Thriller  ,814
815,Paltan,Action|Drama|History,   Paltan Action   Drama   History  ,815
816,The Brawler,Action|Drama|Sport,   The   Brawler Action   Drama   Sport  ,816
817,Chicken Curry Law,Drama,   Chicken   Curry   Law Drama  ,817
818,Simmba,Action|Comedy|Drama,   Simmba Action   Comedy   Drama  ,818
819,Pranaam,Action|Crime|Drama,   Pranaam Action   Crime   Drama  ,819
820,Student of the Year 2,Drama|Romance|Sport,   Student  of  the   Year  2 Drama   Romance   Sport  ,820
821,Khajoor Pe Atke,Comedy,   Khajoor   Pe   Atke Comedy  ,821
822,Veerey Ki Wedding,Comedy|Romance,   Veerey   Ki   Wedding Comedy   Romance  ,822
823,Kaashi in Search of Ganga,Thriller,   Kaashi  in   Search  of   Ganga Thriller  ,823
824,The Final Exit,Horror,   The   Final   Exit Horror  ,824
825,Rukh,Drama|Mystery,   Rukh Drama   Mystery  ,825
826,Raid,Action|Crime|Drama,   Raid Action   Crime   Drama  ,826
827,Missing,Drama|Mystery|Thriller,   Missing Drama   Mystery   Thriller  ,827
828,Qarib Qarib Singlle,Comedy|Romance,   Qarib   Qarib   Singlle Comedy   Romance  ,828
829,Nanu Ki Jaanu,Comedy|Drama|Horror,   Nanu   Ki   Jaanu Comedy   Drama   Horror  ,829
830,Race 3,Action|Thriller,   Race  3 Action   Thriller  ,830
831,Junglee,Action|Adventure,   Junglee Action   Adventure  ,831
832,Shaadi Mein Zaroor Aana,Drama|Family|Romance,   Shaadi   Mein   Zaroor   Aana Drama   Family   Romance  ,832
833,The House Next Door,Horror,   The   House   Next   Door Horror  ,833
834,Super 30,Biography|Drama,   Super  30 Biography   Drama  ,834
835,FryDay,Comedy,   Fry Day Comedy  ,835
836,Hamid,Drama,   Hamid Drama  ,836
837,Firangi,Comedy|Drama,   Firangi Comedy   Drama  ,837
838,Panchlait,Drama,   Panchlait Drama  ,838
839,Sonu Ke Titu Ki Sweety,Comedy|Romance,   Sonu   Ke   Titu   Ki   Sweety Comedy   Romance  ,839
840,Dil Jo Na Keh Saka,Romance,   Dil   Jo   Na   Keh   Saka Romance  ,840
841,Namaste England,Comedy|Drama|Romance,   Namaste   England Comedy   Drama   Romance  ,841
842,Yamla Pagla Deewana Phir Se...,Action|Comedy,   Yamla   Pagla   Deewana   Phir   Se   Action   Comedy  ,842
843,Kuchh Bheege Alfaaz,Romance,   Kuchh   Bheege   Alfaaz Romance  ,843
844,Mulk,Drama,   Mulk Drama  ,844
845,Dhadak,Comedy|Drama|Romance,   Dhadak Comedy   Drama   Romance  ,845
846,Total Dhamaal,Action|Adventure|Comedy,   Total   Dhamaal Action   Adventure   Comedy  ,846
847,Saheb Biwi Aur Gangster 3,Action|Crime|Drama,   Saheb   Biwi   Aur   Gangster  3 Action   Crime   Drama  ,847
848,October,Drama|Romance,   October Drama   Romance  ,848
849,Jaane kyun de yaaron,Drama,   Jaane  kyun  de  yaaron Drama  ,849
850,Batti Gul Meter Chalu,Drama,   Batti   Gul   Meter   Chalu Drama  ,850
851,Housefull 4,Action|Comedy|Fantasy,   Housefull  4 Action   Comedy   Fantasy  ,851
852,Genius,Action|Thriller,   Genius Action   Thriller  ,852
853,Sallu Ki Shaadi,Romance,   Sallu   Ki   Shaadi Romance  ,853
854,Nirdosh,Drama|Mystery|Thriller,   Nirdosh Drama   Mystery   Thriller  ,854
855,Badhaai Ho,Comedy|Drama,   Badhaai   Ho Comedy   Drama  ,855
856,Jhalki,Drama,   Jhalki Drama  ,856
857,Thackeray,Biography|Drama,   Thackeray Biography   Drama  ,857
858,Photograph,Drama|Romance,   Photograph Drama   Romance  ,858
859,Love Per Square Foot,Comedy|Romance,   Love   Per   Square   Foot Comedy   Romance  ,859
860,Arjun Patiala,Action|Comedy,   Arjun   Patiala Action   Comedy  ,860
861,Babuji Ek Ticket Bambai,Comedy|Drama,   Babuji   Ek   Ticket   Bambai Comedy   Drama  ,861
862,Happy Phirr Bhag Jayegi,Comedy,   Happy   Phirr   Bhag   Jayegi Comedy  ,862
863,Mercury,Horror|Thriller,   Mercury Horror   Thriller  ,863
864,Karwaan,Comedy|Drama,   Karwaan Comedy   Drama  ,864
865,Ek Kahani Julie Ki,Drama,   Ek   Kahani   Julie   Ki Drama  ,865
866,Laila Majnu,Drama|Romance,   Laila   Majnu Drama   Romance  ,866
867,Mard Ko Dard Nahin Hota,Action|Comedy,   Mard   Ko   Dard   Nahin   Hota Action   Comedy  ,867
868,Prince's Son,Comedy|Romance,   Prince  s   Son Comedy   Romance  ,868
869,Judgementall Hai Kya,Comedy|Drama|Thriller,   Judgementall   Hai   Kya Comedy   Drama   Thriller  ,869
870,Andhadhun,Crime|Thriller,   Andhadhun Crime   Thriller  ,870
871,Sonchiriya,Action|Crime|Drama,   Sonchiriya Action   Crime   Drama  ,871
872,Stree,Comedy|Horror,   Stree Comedy   Horror  ,872
873,Saand Ki Aankh,Biography|Drama,   Saand   Ki   Aankh Biography   Drama  ,873
874,Why Cheat India,Crime|Drama,   Why   Cheat   India Crime   Drama  ,874
875,The Tashkent Files,Drama|Mystery|Thriller,   The   Tashkent   Files Drama   Mystery   Thriller  ,875
876,Dil Bechara,Drama|Romance,   Dil   Bechara Drama   Romance  ,876
877,One Day: Justice Delivered,Action|Crime|Thriller,   One   Day   Justice   Delivered Action   Crime   Thriller  ,877
878,Badla,Crime|Drama|Mystery,   Badla Crime   Drama   Mystery  ,878
879,Halkaa,Drama|Family,   Halkaa Drama   Family  ,879
880,Section 375,Crime|Drama,   Section  375 Crime   Drama  ,880
881,High Jack,Comedy,   High   Jack Comedy  ,881
882,Satyameva Jayate,Action|Thriller,   Satyameva   Jayate Action   Thriller  ,882
883,Jhootha Kahin Ka,Comedy,   Jhootha   Kahin   Ka Comedy  ,883
884,Mere Pyare Prime Minister,Drama,   Mere   Pyare   Prime   Minister Drama  ,884
885,Bioscopewala,Drama,   Bioscopewala Drama  ,885
886,Tumbbad,Drama|Fantasy|Horror,   Tumbbad Drama   Fantasy   Horror  ,886
887,Khamoshi,Horror|Thriller,   Khamoshi Horror   Thriller  ,887
888,Uri: The Surgical Strike,Action|Drama|War,   Uri   The   Surgical   Strike Action   Drama   War  ,888
889,The Zoya Factor,Comedy|Drama|Romance,   The   Zoya   Factor Comedy   Drama   Romance  ,889
890,Hope Aur Hum,Comedy|Drama|Family,   Hope   Aur   Hum Comedy   Drama   Family  ,890
891,Phamous,Comedy|Crime|Drama,   Phamous Comedy   Crime   Drama  ,891
892,Pataakha,Action|Comedy|Drama,   Pataakha Action   Comedy   Drama  ,892
893,Amavas,Horror|Thriller,   Amavas Horror   Thriller  ,893
894,Jalebi,Drama,   Jalebi Drama  ,894
895,Helicopter Eela,Drama,   Helicopter   Eela Drama  ,895
896,Pihu,Drama|Thriller,   Pihu Drama   Thriller  ,896
897,India's Most Wanted,Action|Thriller,   India  s   Most   Wanted Action   Thriller  ,897
898,Good Newwz,Comedy|Drama|Romance,   Good   Newwz Comedy   Drama   Romance  ,898
899,De De Pyaar De,Comedy|Romance,   De   De   Pyaar   De Comedy   Romance  ,899
900,Prassthanam,Action|Drama,   Prassthanam Action   Drama  ,900
901,Jabariya Jodi,Action|Comedy|Drama,   Jabariya   Jodi Action   Comedy   Drama  ,901
902,Mitron,Comedy,   Mitron Comedy  ,902
903,Batla House,Action|Drama|Thriller,   Batla   House Action   Drama   Thriller  ,903
904,Keep Safe Distance,Action|Thriller,   Keep   Safe   Distance Action   Thriller  ,904
905,Family of Thakurganj,Action|Drama,   Family  of   Thakurganj Action   Drama  ,905
906,The Sky Is Pink,Drama|Family|Romance,   The   Sky   Is   Pink Drama   Family   Romance  ,906
907,Commando 3,Action|Thriller,   Commando  3 Action   Thriller  ,907
908,Made in China,Comedy|Drama,   Made  in   China Comedy   Drama  ,908
909,Kabir Singh,Drama|Romance,   Kabir   Singh Drama   Romance  ,909
910,The Journey of Karma,Drama,   The   Journey  of   Karma Drama  ,910
911,Notebook,Drama|Romance,   Notebook Drama   Romance  ,911
912,Motichoor Chaknachoor,Comedy|Romance,   Motichoor   Chaknachoor Comedy   Romance  ,912
913,Bypass Road,Drama|Thriller,   Bypass   Road Drama   Thriller  ,913
914,Satellite Shankar,Action|Drama,   Satellite   Shankar Action   Drama  ,914
915,Setters,Thriller,   Setters Thriller  ,915
916,Marjaavaan,Action|Romance,   Marjaavaan Action   Romance  ,916
917,Dream Girl,Comedy|Romance,   Dream   Girl Comedy   Romance  ,917
918,Mission Mangal,Drama|History,   Mission   Mangal Drama   History  ,918
919,Hum chaar,Drama,   Hum  chaar Drama  ,919
920,Ghost,Horror|Thriller,   Ghost Horror   Thriller  ,920
921,Bala,Comedy,   Bala Comedy  ,921
922,Battalion 609,War,   Battalion  609 War  ,922
923,Pagalpanti (Hindi),Action|Comedy,   Pagalpanti   Hindi   Action   Comedy  ,923
924,22 Yards,Sport,  22   Yards Sport  ,924
925,PM Narendra Modi,Biography|Drama,   P M   Narendra   Modi Biography   Drama  ,925
926,Bachche Kachche Sachche,Drama|Short,   Bachche   Kachche   Sachche Drama   Short  ,926
927,Pati Patni Aur Woh,Comedy|Romance,   Pati   Patni   Aur   Woh Comedy   Romance  ,927
928,Risknamaa,Thriller,   Risknamaa Thriller  ,928
